Dataset,Avg Nodes,Avg Edges,Avg Degree,Num Cycles,Max Cycle Length,Num Graphs
Benzene,20.58275,43.6535,2.120877919617155,2.242,6,12000
AlkaneCarbonyl,21.618666666666666,45.78666666666667,2.1179227827803135,2.2746666666666666,6,750
Mutagenicity,28.49375,59.1390625,2.075509980258829,2.04921875,0,1280
FluorideCarbonyl,21.59102815979044,45.47675180091683,2.1062800467098377,2.14702030124427,6,3054
House/Wheel,24.0315,55.063,2.291284355949483,4.5,7,2000
Bull/Square,22.0315,44.063,2.0,1.0,4,2000
Wheel/Cube,25.5315,61.063,2.391673031353426,6.0,6,2000
House/Hex,23.0315,47.063,2.043418795996787,1.5,6,2000
