Dataset,Avg Nodes,Avg Edges,Avg Degree,Num Graphs
Benzene,20.58275,43.6535,2.120877919617155,12000
AlkaneCarbonyl,21.426666666666666,45.44177777777778,2.1208048122796104,1125
Mutagenicity,29.149886877828056,60.83031674208145,2.0868114170401846,1768
FluorideCarbonyl,21.35832083958021,45.36593241840618,2.1240402164170242,8671
