Dataset,Avg Nodes,Avg Edges,Avg Degree,Num Cycles,Max Cycle Length,Num Graphs
Benzene,66.47825,156.0445,2.3473015610368804,2.242,6,12000
AlkaneCarbonyl,70.08,163.94133333333335,2.3393455098934552,2.28,6,750
Mutagenicity,90.33671875,202.346875,2.239918360993159,2.065625,6,1280
FluorideCarbonyl,69.03536345776031,160.39227242960052,2.3233349459764554,2.1437459070072036,6,3054
House/Wheel,83.5945,197.189,2.358875284857257,4.5,7,2000
Bull/Square,67.0945,139.189,2.0745217566268472,1.0,4,2000
Wheel/Cube,92.5945,230.189,2.4859899886062347,6.0,6,2000
House/Hex,71.5945,154.189,2.1536430871086467,1.5,6,2000
