Dataset,Avg Nodes,Avg Edges,Avg Degree,Num Cycles,Max Cycle Length,Num Graphs
Benzene,66.47825,156.0445,2.3473015610368804,2.242,6,12000
AlkaneCarbonyl,68.89777777777778,161.30133333333333,2.341168881434654,2.2568888888888887,6,1125
Mutagenicity,92.18552036199095,207.64819004524887,2.2525033132086585,2.205316742081448,6,1768
FluorideCarbonyl,69.04682274247492,162.48667973705454,2.3532825013988523,2.322569484488525,6,8671
