File,Normal,HOGE
AlkaneCarbonyl_GCN_SubgraphX,0.0021765297893823,0.0108368613106217
Benzene_GCN_SubgraphX,0.4501420204881117,0.614552453102453
FluorideCarbonyl_GCN_SubgraphX,0.0792291765209334,0.0951991116167974
Mutagenicity_GCN_SubgraphX,0.079343518233134,0.0821164961885718
Synth_bull_4_cycle_GCN_SubgraphX,0.3467336996336995,0.6172357142857143
Synth_cycle_6_house_GCN_SubgraphX,0.2460948495948494,0.5499523809523807
Synth_house_wheel_GCN_SubgraphX,0.3970035177112189,0.4897380952380954
Synth_wheel_cube_GCN_SubgraphX,0.3555223436608111,0.4470833333333335
